,type,name,eta,y,g
0,person,person1,153357.10226944383,22.853936288915758,3
1,person,person2,50670.37322121195,10.014804240587429,3
2,person,person3,5417.040957502595,1.8933518220905967,3
3,person,person4,10126.340590575815,3.017497132599688,3
4,person,person5,32210.181958207388,7.145803905641211,3
5,person,person6,1049.4996166150806,0.5574348429016059,3
6,person,person7,2460.385181868027,1.0516423045873657,3
7,person,person8,2377.0494694450786,1.0249882096902618,3
8,person,person9,3590.062111576159,1.3935592425539194,3
9,person,person10,9772.462352998353,2.938578952079304,3
10,person,person11,7515.321444746527,2.416365989097794,3
11,person,person12,11758.704280510558,3.372904254410086,3
12,person,person13,6626.782841197701,2.2001438531728406,3
13,person,person14,4057.261325437814,1.5265437488444924,3
14,person,person15,9386.344269764848,2.8516344800585194,3
15,person,person16,453.5026700828483,0.29833622979436325,3
16,person,person17,10558.01096492536,3.1128186141064837,3
17,person,person18,10249.997788811192,3.044907198382256,3
18,person,person19,6136.779738819095,2.0777604548120316,3
19,person,person20,7985.5610681575245,2.528133077935626,3
20,person,person21,6821.920952114927,2.24823291931392,3
21,person,person22,1512.2908115373616,0.7318030770396939,3
22,person,person23,21689.268341260587,5.322243211817841,3
23,person,person24,5280.693135547519,1.8577318827995297,3
24,person,person25,4466.723324713957,1.6399042041307885,3
25,person,person26,20844.11716015875,5.166953859219693,3
26,person,person27,7932.337813233182,2.5155688625588795,3
27,person,person28,1102.3981469619528,0.5782357772183504,3
28,person,person29,1884.684488942816,0.8622255719784515,3
29,person,person30,15038.081108932094,4.0513241923632854,3
30,person,person31,13128.69574805201,3.661528165808399,3
31,person,person32,491.2136913476596,0.3166294416982279,3
32,person,person33,449.99081076999676,0.2966133191731256,3
33,person,person34,6035.105182898761,2.0520588912406397,3
34,person,person35,212369.40684738033,29.12717313909543,3
35,person,person36,16205.910726452345,4.283473619102998,3
36,person,person37,9409.905844554776,2.856965770973439,3
37,person,person38,751.7026080916609,0.4347237034847925,3
38,person,person39,17545.29161326893,4.544538717123414,3
39,person,person40,3206.1596769473317,1.2809503318472228,3
40,person,person41,16109.134174322335,4.2644017310410245,3
41,person,person42,11377.801351858903,3.291162697481645,3
42,person,person43,59850.74322876897,11.337547454384534,3
43,person,person44,124288.26368514048,19.54159340196555,3
44,person,person45,90013.18452057254,15.36612655227794,3
45,person,person46,14510.319540192051,3.944914876151031,3
46,person,person47,65685.65656447134,12.151189143438183,3
47,person,person48,9238.547170817697,2.8181140515211487,3
48,person,person49,23118.564879553312,5.581407671893672,3
49,person,person50,3322.637512487758,1.3154626344703446,3
50,person,person51,13404.5735722024,3.7186987002035266,3
51,person,person52,63195.90762203709,11.806362526335253,3
52,person,person53,124342.04888062499,19.547893367827538,3
53,person,person54,1995.538915022287,0.8997327220488338,3
54,person,person55,38014.84666556214,8.084682730185516,3
55,person,person56,9273.00974024374,2.8259423220016413,3
56,person,person57,16103.268157196691,4.263244769421044,3
57,person,person58,35353.514464002896,7.659128912986173,3
58,person,person59,12488.71851212962,3.5277079460133502,3
59,person,person60,6766.223771090949,2.23454331977242,3
60,person,person61,3223.3611280989358,1.2860669768681434,3
61,person,person62,1966.9726650519435,0.8901194166424715,3
62,person,person63,43894.37265299159,8.99899122476487,3
63,person,person64,7650.051609162507,2.4485665321316126,3
64,person,person65,10569.854977935556,3.1154198398551305,3
65,person,person66,2690.862147916471,1.1241926778318332,3
66,person,person67,10163.679969577806,3.0257827921079286,3
67,person,person68,554.124751108411,0.34637266912434805,3
68,person,person69,39283.150652058146,8.284796451933364,3
69,person,person70,12805.724652932331,3.5942075462754577,3
70,person,person71,3148.6018035313596,1.2637782956821528,3
71,person,person72,5866.739648303952,2.009254546064619,3
72,person,person73,1107.365693988464,0.5801758987046381,3
73,person,person74,8941.783276048356,2.7503912924030245,3
74,person,person75,6800.984907730684,2.2430904832085834,3
75,person,person76,7949.911791286809,2.5197198562032126,3
76,person,person77,3767.676553424255,1.4446072597234123,3
77,person,person78,17707.683334284156,4.575839259666741,3
78,person,person79,8361.692646195937,2.6163269571674053,3
79,person,person80,6194.032546986303,2.092185142986229,3
80,person,person81,62391.24836576544,11.694182146173624,3
81,person,person82,1315.2757732230198,0.6595262315067165,3
82,person,person83,22475.26026572975,5.465282813978101,3
83,person,person84,19734.88740808126,4.960679251620598,3
84,person,person85,807.3870357961164,0.4584960886610642,3
85,person,person86,6921.609631366336,2.272664135407687,3
86,person,person87,127065.85226446687,19.866037334449484,3
87,person,person88,1165.2281804512222,0.6026144253394916,3
88,person,person89,16719.31890255892,4.38417149304399,3
89,person,person90,14798.45987714478,4.003130889504724,3
90,person,person91,4807.928444267932,1.7323517132100819,3
91,person,person92,15716.181350855662,4.18665926700116,3
92,person,person93,2326.6058410430483,1.0087386940339738,3
93,person,person94,4451.166938595452,1.6356472324702407,3
94,person,person95,2502.659732830598,1.065075146720763,3
95,person,person96,25134.277997199053,5.9400787350991475,3
96,person,person97,8305.650019992969,2.6032514717885147,3
97,person,person98,11021.039981937594,3.2139668199323244,3
98,person,person99,11347.926589822446,3.284722331853906,3
99,person,person100,21535.56780070999,5.294118498134131,3
100,person,person101,6781.127124509198,2.2382091649026625,3
101,person,person102,1325.0665073126745,0.6631804035643576,3
102,person,person103,16884.871375918698,4.416473376607318,3
103,person,person104,19200.049672491343,4.86016833362196,3
104,person,person105,54660.080140821854,10.596580802696055,3
105,person,person106,4098.9655308898455,1.538218795355007,3
106,person,person107,25011.296029155033,5.918411267290816,3
107,person,person108,14217.000633767104,3.885348990378449,3
108,person,person109,74782.6781631084,13.384010339126556,3
109,person,person110,17313.97692207121,4.499825555673026,3
110,person,person111,3521.588615723097,1.3737084080429547,3
111,person,person112,14310.913491161093,3.904454198308114,3
112,person,person113,40923.29450681407,8.541155592448566,3
113,person,person114,4335.77435554129,1.6039506864475903,3
114,person,person115,83573.06005658157,14.539350417309675,3
115,person,person116,8814.560025616998,2.7211835389994863,3
116,person,person117,987.6243308764533,0.5327611955504797,3
117,person,person118,12343.897423349406,3.497185396190822,3
118,person,person119,4083.437137051433,1.53387519390725,3
119,person,person120,447.87575841004855,0.29557402533995625,3
120,person,person121,26693.072893564597,6.21242637069396,3
121,person,person122,7899.850114363833,2.507889050302299,3
122,person,person123,31513.450103835734,7.0303256885982215,3
123,person,person124,31473.553447231403,7.02369351825599,3
124,person,person125,1148.4176405372311,0.5961253524578646,3
125,person,person126,14932.740179336899,4.030162027947424,3
126,person,person127,7306.310590391095,2.3661191437196982,3
127,person,person128,5583.53793257046,1.936539671989292,3
128,person,person129,4167.44321507809,1.5573236138739084,3
129,person,person130,14856.622542169081,4.014846901519836,3
130,person,person131,2309.7944185990946,1.0033033007049539,3
131,person,person132,39527.167928964576,8.32310736308635,3
132,person,person133,14221.016481374718,3.886166613541837,3
133,person,person134,9566.207767473634,2.8922466439998282,3
134,person,person135,5536.657827791326,1.9244130088382605,3
135,person,person136,7459.483092877525,2.4029775557909465,3
136,person,person137,2232.8798838511534,0.9783054457420205,3
137,person,person138,890.1016791858889,0.493052536213983,3
138,person,person139,35409.948142801986,7.668235724876394,3
139,person,person140,3468.35997475401,1.3582091016880895,3
140,person,person141,1336.9826114460657,0.6676185488542381,3
141,person,person142,1922.071619994403,0.8749366748000474,3
142,person,person143,75407.73443376007,13.4672657562742,3
143,person,person144,1834.337912013673,0.8450062908749322,3
144,person,person145,2082.261009450037,0.9287050040308932,3
145,person,person146,9662.09032452844,2.913816720401373,3
146,person,person147,6341.037521723724,2.1290680442427004,3
147,person,person148,9430.614861188455,2.861648801936489,3
148,person,person149,6843.047470865546,2.2534180634210905,3
149,person,person150,13501.781925782194,3.73877162397887,3
150,person,person151,56360.60878242404,10.841230760256341,3
151,person,person152,28599.260133848016,6.540023741033941,3
152,person,person153,8543.348639247724,2.658557183283629,3
153,person,person154,57205.72055057951,10.962112518772988,3
154,person,person155,16862.963957411815,4.41220354758854,3
155,person,person156,5927.94265124774,2.0248502486192836,3
156,person,person157,20209.820528905588,5.049351408069312,3
157,person,person158,15546.101009735163,4.152857005817416,3
158,person,person159,81022.75564709013,14.207495357048856,3
159,person,person160,8801.992839388116,2.7182925677353933,3
160,person,person161,3732.591535897526,1.4345730141009272,3
161,person,person162,30524.45378520205,6.865281210298362,3
162,person,person163,66540.75324139035,12.268845536949284,3
163,person,person164,1659.2152347718913,0.7841413774245732,3
164,person,person165,16903.578919971987,4.4201184213674045,3
165,person,person166,21166.540740942914,5.226382478338391,3
166,person,person167,171092.15845353086,24.795286017215908,3
167,person,person168,6606.141470095595,2.1950361096513324,3
168,person,person169,59471.907422188924,11.284039125456184,3
169,person,person170,23044.529056262905,5.568085597746798,3
170,person,person171,2245.8803288739136,0.98254592727457,3
171,person,person172,6023.465898129816,2.049109667816165,3
172,person,person173,23219.85132931802,5.599615643724744,3
173,person,person174,8695.50743443761,2.693754094087773,3
174,person,person175,24989.14983990888,5.914506577464794,3
175,person,person176,744.5668713731616,0.43164545977481045,3
176,person,person177,9847.388148498852,2.9553480968308654,3
177,person,person178,5948.99367912205,2.030204951774202,3
178,person,person179,17097.822274959253,4.457904975807842,3
179,person,person180,327.0130161293768,0.2338308077155838,3
180,person,person181,124724.25989042189,19.592642506122722,3
181,person,person182,10549.770407976537,3.1110083537240865,3
182,person,person183,1305.737135908376,0.6559594729535208,3
183,person,person184,8276.08188215597,2.596343773235312,3
184,person,person185,4269.088526581614,1.5855351786157583,3
185,person,person186,9649.46033457205,2.9109785654601588,3
186,person,person187,3452.866336454826,1.3536862415263196,3
187,person,person188,1329.6368563964497,0.6648838253297297,3
188,person,person189,38923.551256241706,8.228228230652334,3
189,person,person190,3014.048969746122,1.223318999332382,3
190,person,person191,19840.96878570544,4.980531885871447,3
191,person,person192,7579.870714743743,2.4318114874650427,3
192,person,person193,16012.378673934227,4.2453047645104505,3
193,person,person194,16915.73166063657,4.422485753662407,3
194,person,person195,3191.6663698462175,1.2766338007335907,3
195,person,person196,138703.8337666968,21.206379281417895,3
196,person,person197,3924.391564906536,1.4891407333640543,3
197,person,person198,1203.2222876007281,0.6171934848267342,3
198,person,person199,1899.3137051087322,0.8672068898404527,3
199,person,person200,41714.9600680505,8.663954223917651,3
200,person,person201,5561.358627203305,1.9308057119436393,3
201,person,person202,3022.931745648308,1.2260040016615446,3
202,person,person203,4339.609045374257,1.6050074435545396,3
203,person,person204,8716.661483781956,2.698634899564884,3
204,person,person205,15449.498967642912,4.133616071438777,3
205,person,person206,5972.768238787938,2.0362466280090974,3
206,person,person207,11108.781989631987,3.2330107407879054,3
207,person,person208,12695.1102566342,3.5710517390391368,3
208,person,person209,2729.18265989297,1.136098670690076,3
209,person,person210,33724.491576477005,7.394621719655589,3
210,person,person211,8570.790615948028,2.664916715529416,3
211,person,person212,5150.412530196137,1.8234772347664243,3
212,person,person213,108700.9734219517,17.68487990642142,3
213,person,person214,9358.570633887068,2.8453457396710533,3
214,person,person215,12653.726017621955,3.5623752327124687,3
215,person,person216,70356.02407410824,12.789199570776,3
216,person,person217,2533.548008722475,1.0748533998572678,3
217,person,person218,34093.19149111803,7.454768190914232,3
218,person,person219,7087.519945491454,2.3131268554273485,3
219,person,person220,6395.02497912988,2.1425583458783333,3
220,person,person221,3351.72014049047,1.324031347959377,3
221,person,person222,2352.1462746411216,1.0169771956810965,3
222,person,person223,24451.942586729725,5.819516573802623,3
223,person,person224,2766.6204524351715,1.147689309940202,3
224,person,person225,3138.3821631688334,1.2607209944419602,3
225,person,person226,6996.288378026489,2.2909072768589263,3
226,person,person227,4489.928229256031,1.646247159455282,3
227,person,person228,1909.7481335957125,0.8707538854156692,3
228,person,person229,27299.357771410698,6.317250532991616,3
229,person,person230,2370.142235402487,1.0227684016297527,3
230,person,person231,1255076.6744075492,109.43134747682038,3
231,person,person232,3413.132601715217,1.3420635438330788,3
232,person,person233,20170.874967876043,5.042100249157264,3
233,person,person234,90974.57621804142,15.488233131627384,3
234,person,person235,979.3598973578968,0.5294362224164851,3
235,person,person236,75786.29964835093,13.517603799173688,3
236,person,person237,24076.535093155268,5.752820426783496,3
237,person,person238,3979.402270712172,1.5046648852198783,3
238,person,person239,4987.671002394491,1.780375406065242,3
239,person,person240,27149.36928358679,6.291373889519205,3
240,person,person241,2992.0492692591642,1.2166604301687238,3
241,person,person242,338199.21802078414,41.19580752421082,3
242,person,person243,22833.480229670196,5.530049208331045,3
243,person,person244,125283.87392805472,19.658098918529557,3
244,person,person245,1377.3120318311787,0.6825651213164416,3
245,person,person246,6749.515678271522,2.2304311059208017,3
246,person,person247,7381.501462909826,2.384236942025364,3
247,person,person248,7131.680444139423,2.3238559840860487,3
248,person,person249,32831.858347179674,7.248305459516408,3
249,person,person250,10409.991765874347,3.080246989180844,3
250,person,person251,12877.131914275229,3.6091287131176197,3
251,person,person252,7010.14711661868,2.294287329489859,3
252,person,person253,6727.688830456149,2.225055145929684,3
253,person,person254,6280.480264061847,2.1139011893757615,3
254,person,person255,17322.139307370315,4.50140592789128,3
255,person,person256,5902.932054145266,2.018482051799508,3
256,person,person257,8145.949719415851,2.565867132041921,3
257,person,person258,128.13542625823192,0.11634696953959187,3
258,person,person259,43208.50980274433,8.894022050710015,3
259,person,person260,6824.479630660718,2.2488611210509473,3
260,person,person261,1862.190069035316,0.8545468271174433,3
261,person,person262,38458.876884632315,8.15493296159853,3
262,person,person263,9894.876685326535,2.9659596601809546,3
263,person,person264,262.01787628599817,0.19824631386164882,3
264,person,person265,6216.401466497242,2.097811684009535,3
265,person,person266,8708.567747548357,2.6967678150529193,3
266,person,person267,12867.310260344719,3.6070776470761547,3
267,person,person268,6617.965450973248,2.197962471528689,3
268,person,person269,1862.170753361832,0.8545402233489681,3
269,person,person270,6426.737893569975,2.150469175500127,3
270,person,person271,16945.96726528683,4.428373715139762,3
271,person,person272,37248.750573341815,7.962983903141113,3
272,person,person273,10560.245072149555,3.113309333874369,3
273,person,person274,1549.0670002092945,0.7450209084490755,3
274,person,person275,5831.043664237886,2.000139378352069,3
275,person,person276,126682.8273051703,19.82140536041949,3
276,person,person277,9423.971380441906,2.8601467651520767,3
277,person,person278,2916.0592296405416,1.1935639452841234,3
278,person,person279,16820.96181147143,4.404013231029067,3
279,person,person280,16082.336980692628,4.259115612073493,3
280,person,person281,6943.148344396605,2.27793091752348,3
281,person,person282,3666.410483826592,1.415579586879763,3
282,person,person283,27007.9781720909,6.266947105560989,3
283,person,person284,1999.1128600160262,0.9009329718114371,3
284,person,person285,2671.729790422722,1.118232187253342,3
285,person,person286,9794.819624963186,2.943586154519753,3
286,person,person287,67736.1974719765,12.432687982113855,3
287,person,person288,19501.062842582338,4.916823661009375,3
288,person,person289,76216.12069444901,13.57467970983513,3
289,person,person290,91671.79589234636,15.576581358087019,3
290,person,person291,19983.11909400186,5.007092280891152,3
291,person,person292,7245.61777006907,2.351460066192283,3
292,person,person293,50009.46554973275,9.917322283020095,3
293,person,person294,2353.956047314305,1.0175601008079795,3
294,person,person295,1385.9604242826747,0.6857557024846823,3
295,person,person296,1516.8728703964014,0.7334543602056418,3
296,person,person297,10167.273732243195,3.026579843150115,3
297,person,person298,11209.703258892781,3.254867791744771,3
298,person,person299,35443.150325557326,7.6735918960870215,3
299,person,person300,54625.05199411587,10.591521185162772,3
300,person,person301,11188.749222390921,3.250333807067777,3
301,person,person302,944.0261351876487,0.5151389103852477,3
302,person,person303,1386.7588562855842,0.6860500051490424,3
303,person,person304,26546.089346328907,6.1869224804651735,3
304,person,person305,6456.023357830073,2.1577656388092805,3
305,person,person306,6918.69409734586,2.271950889736322,3
306,person,person307,53211.06319405907,10.386580330631391,3
307,person,person308,301.884782923186,0.22030872406021437,3
308,person,person309,30569.168177011856,6.872772321480581,3
309,person,person310,5998.081428414355,2.04267257051019,3
310,person,person311,5835.136986920229,2.001185351752322,3
311,person,person312,9511.628842036791,2.8799437698462853,3
312,person,person313,5124.224125455686,1.8165649923439526,3
313,person,person314,40549.302725924994,8.482933837061756,3
314,person,person315,2473.0923657185635,1.0556861856397628,3
315,person,person316,4020.425248763119,1.5162060588892594,3
316,person,person317,3501.785447114664,1.36794907564559,3
317,person,person318,8594.20282586855,2.6703382673950613,3
318,person,person319,10194.997496569838,3.0327262108537805,3
319,person,person320,42582.93877472392,8.797909335424283,3
320,person,person321,3896.955541154023,1.4813775083229603,3
321,person,person322,27379.83123414307,6.331119204635396,3
322,person,person323,4445.581283133222,1.634117804726633,3
323,person,person324,6378.449252944661,2.138419529406294,3
324,person,person325,2234.480076616948,0.9788277352393983,3
325,person,person326,810.1459854860256,0.4596628397749142,3
326,person,person327,12034.417091563466,3.431650953214416,3
327,person,person328,93905.30656470089,15.858456324662196,3
328,person,person329,2728.786589938975,1.1359758326350997,3
329,person,person330,52405.00370451765,10.269130995850148,3
330,person,person331,18487.27325587718,4.725099583526765,3
331,person,person332,25294.956817846465,5.96834710832902,3
332,person,person333,4882.458948850358,1.7523194148568668,3
333,person,person334,51482.36132273682,10.13412755672412,3
334,person,person335,43159.64309686685,8.88652700699951,3
335,person,person336,10541.227329259867,3.1091312556021338,3
336,person,person337,56652.48943848912,10.883032231091173,3
337,person,person338,11821.981981903447,3.386417740633691,3
338,person,person339,5396.327961928464,1.8879555522357436,3
339,person,person340,16569.073380142894,4.354785580286379,3
340,person,person341,34450.42094383865,7.512885472663331,3
341,person,person342,39624.69313810135,8.338402020326118,3
342,person,person343,4173.686450488269,1.5590614368554743,3
343,person,person344,13404.987408369321,3.7187842333152443,3
344,person,person345,7230.402110335119,2.3477801419135833,3
345,person,person346,290425.35616773897,36.77719928154096,3
346,person,person347,2096.3716807201677,0.9333897444966481,3
347,person,person348,1045.1442287318478,0.5557104416585288,3
348,person,person349,4316.0516122260315,1.5985117563549918,3
349,person,person350,4017.0018635498927,1.5152440951198511,3
350,person,person351,1617.3713142152524,0.7693604208953917,3
351,person,person352,633.7772859106426,0.3828248666858719,3
352,person,person353,94205.41355720675,15.896199609390532,3
353,person,person354,2055.3808731219956,0.9197583287373836,3
354,person,person355,17839.15917277146,4.6011272604870985,3
355,person,person356,18340.15920181653,4.697057927406914,3
356,person,person357,3060.409693304288,1.2373104304805649,3
357,person,person358,1236.0213463829052,0.6296848956448969,3
358,person,person359,115650.75778309599,18.520573890049757,3
359,person,person360,37933.51456211788,8.071792524718974,3
360,person,person361,8875.097095075214,2.7350948738551777,3
361,person,person362,12821.146797722835,3.5974319295968704,3
362,person,person363,352.18044324263576,0.24711073334502276,3
363,person,person364,40947.706049225955,8.544951169335471,3
364,person,person365,2355.435701903686,1.0180365941312897,3
365,person,person366,7068.822065065918,2.308578930486113,3
366,person,person367,654.8845415522206,0.3922838014600633,3
367,person,person368,1801.070467398418,0.8335622274648866,3
368,person,person369,72228.33626123176,13.041914069518711,3
369,person,person370,3053.1776976195165,1.2351314278191987,3
370,person,person371,33033.25564250698,7.281405254607279,3
371,person,person372,605.3309347333059,0.36994874077769613,3
372,person,person373,1135.034368275103,0.5909419191174804,3
373,person,person374,1133.104508404006,0.5901931889917951,3
374,person,person375,6110.863793166713,2.071219732349893,3
375,person,person376,886.5257570859475,0.4915760345919569,3
376,person,person377,5243.855999777308,1.8480683772459525,3
377,person,person378,1503.2272863734438,0.728532998746464,3
378,person,person379,21089.54170777958,5.212211240119382,3
379,person,person380,14698.612771875134,3.9829907363851094,3
380,person,person381,4262.1816007254665,1.5836236328727296,3
381,person,person382,13874.490883728044,3.815395405761384,3
382,person,person383,4059.3955292320106,1.5271419573611986,3
383,person,person384,21819.057610446733,5.345952992156018,3
384,person,person385,1926.9560805609744,0.876592645452719,3
385,person,person386,5592.569878346224,1.9388730133901677,3
386,person,person387,105192.2566401061,17.25781434943752,3
387,person,person388,30179.058304692462,6.807321572415761,3
388,person,person389,16816.540684710508,4.4031508188910236,3
389,person,person390,27369.165947204576,6.329281763699806,3
390,person,person391,38922.912369985555,8.228127609826803,3
391,person,person392,20630.253666213976,5.127405593639324,3
392,person,person393,8611.005075441832,2.6742268335206543,3
393,person,person394,2303.6910458922234,1.0013274924575613,3
394,person,person395,35800.01483028954,7.731080768081231,3
395,person,person396,8716.290701839438,2.698549376268447,3
396,person,person397,12132.21862731254,3.4524069980717225,3
397,person,person398,3566.573100115003,1.386760621035527,3
398,person,person399,55589.93833317298,10.730593360873058,3
399,person,person400,2762.562734292504,1.1464349925959425,3
400,person,person401,35339.15855976456,7.65681168174881,3
401,person,person402,4303.563488161692,1.5950646369665762,3
402,person,person403,2875.5314015834006,1.1811832351090734,3
403,person,person404,2109.0496413575934,0.9375919720394584,3
404,person,person405,3021.7069227595753,1.2256338933603086,3
405,person,person406,7087.706010992864,2.3131720971476106,3
406,person,person407,2167.157890306681,0.9567708689337422,3
407,person,person408,7478.832178436686,2.407619794719996,3
408,person,person409,48163.76972547962,9.6433272956199,3
409,person,person410,2924.0681203216177,1.196005347573071,3
410,person,person411,956.4456891891545,0.5201796103522632,3
411,person,person412,15557.774185236094,4.155179969892574,3
412,person,person413,2102.785914019367,0.9355166089753282,3
413,person,person414,363.98565726045445,0.2532559262667032,3
414,person,person415,13977.411401693338,3.83646151684925,3
415,person,person416,1136.1766776974584,0.5913849493789965,3
416,person,person417,10087.853937902175,3.0089487344351418,3
417,person,person418,1494.7951424487107,0.7254862030476541,3
418,person,person419,7006.280480174286,2.293344454514957,3
419,person,person420,7600.996452331006,2.436859208853226,3
420,person,person421,22510.139143955465,5.471600442595795,3
421,person,person422,15924.351703526747,4.227905002821532,3
422,person,person423,590.1077474144158,0.36299483464295085,3
423,person,person424,3432.046282851801,1.3476003499379994,3
424,person,person425,11165.16680555527,3.2452285093768425,3
425,person,person426,157420.77185010942,23.303603804422327,3
426,person,person427,50636.02832454982,10.009746487051098,3
427,person,person428,12472.786308018516,3.5243545038292017,3
428,person,person429,11128.47936513692,3.237280668321959,3
429,person,person430,5911.82052186289,2.020746019517695,3
430,person,person431,9345.843100063332,2.8424622747823602,3
431,person,person432,2631.4610334172735,1.1056511561808076,3
432,person,person433,1569.807104258757,0.7524398325707451,3
433,person,person434,3450.113219769773,1.3528820183671741,3
434,person,person435,3372.8559044815975,1.3302467560918223,3
435,person,person436,14202.439714559074,3.882383905565355,3
436,person,person437,709.6481290562531,0.416471723564546,3
437,person,person438,7074.446403691618,2.3099472724518595,3
438,person,person439,36702.35933561728,7.875796481982287,3
439,person,person440,69.58501181099996,0.07382605636421508,3
440,person,person441,1562.4428764007878,0.749808459495077,3
441,person,person442,17122.745437107555,4.462745384521628,3
442,person,person443,12738.630027914496,3.580168199338888,3
443,person,person444,33555.89946218768,7.367063279167137,3
444,person,person445,40196.85133532137,8.427939976548412,3
445,person,person446,72216.26795509883,13.04029054503526,3
446,person,person447,985.2446575923558,0.5318045276317337,3
447,person,person448,3277.7308168137615,1.302193942020921,3
448,person,person449,10024.83819204713,2.9949341163791483,3
449,person,person450,10742.35020974049,3.153220188566603,3
450,person,person451,434.7140719938464,0.2890782035094606,3
451,person,person452,26395.686386088277,6.160787969003549,3
452,person,person453,5019.73576349103,1.7888957319616543,3
453,person,person454,5402.334352765805,1.8895209148761172,3
454,person,person455,19406.07530966621,4.898969778815981,3
455,person,person456,1019.3252901678724,0.545450138585728,3
456,person,person457,4786.051264897586,1.7264755845801685,3
457,person,person458,1695.8516527580882,0.7970049355175518,3
458,person,person459,12397.459735042472,3.5084847948884748,3
459,person,person460,781.3618761809988,0.4474394713730265,3
460,person,person461,191815.55033684865,26.999906786337004,3
461,person,person462,48449.358161451295,9.685895858377497,3
462,person,person463,12156.518575123213,3.457557455857434,3
463,person,person464,217555.59426105922,29.655476761440408,3
464,person,person465,915.4113094687376,0.503460127126152,3
465,person,person466,74527.97583397043,13.35003400495409,3
466,person,person467,8567.956956693548,2.664260270690925,3
467,person,person468,1524.6977209615222,0.7362713444462523,3
468,person,person469,15126.652119833741,4.069088173410505,3
469,person,person470,33517.33791224443,7.360754966662249,3
470,person,person471,12928.037799316213,3.6197530588448115,3
471,person,person472,893.3846067390609,0.4944067289545792,3
472,person,person473,10970.899703163983,3.203066797115255,3
473,person,person474,64068.7988023578,11.927644364070714,3
474,person,person475,44766.43134843039,9.131855406370876,3
475,person,person476,22319.39850697857,5.437020875651582,3
476,person,person477,4480.274220154057,1.6436092976943506,3
477,person,person478,20657.46835305477,5.132443997668004,3
478,person,person479,75799.86899839382,13.519406931887957,3
479,person,person480,10491.194482027306,3.0981301613697165,3
480,person,person481,7837.298062505495,2.4930795562604477,3
481,person,person482,73009.74194567096,13.146888403125851,3
482,person,person483,49040.07520330533,9.773743205107507,3
483,person,person484,3698.8025869852095,1.4248866843779426,3
484,person,person485,4235.7545406096015,1.576302429308229,3
485,person,person486,21800.086156236972,5.3424895537042385,3
486,person,person487,818.414165222998,0.46315337908602244,3
487,person,person488,1952.4603967484002,0.8852220302316229,3
488,person,person489,1401.0757141680908,0.6913199073381606,3
489,person,person490,7973.198905464805,2.525216696939761,3
490,person,person491,15834.255307440853,4.21007077475993,3
491,person,person492,15865.194758104117,4.2161980274382875,3
492,person,person493,13089.454310068773,3.653371344907508,3
493,person,person494,3455.3764984634463,1.3544193518054972,3
494,person,person495,15857.525020264822,4.214679395837412,3
495,person,person496,2148.332558581302,0.9505720061312111,3
496,person,person497,5801.650418399433,1.9926229648965517,3
497,person,person498,863.9647156366498,0.4822252087994426,3
498,person,person499,11668.060854122858,3.353514228597056,3
499,person,person500,29260.96675275446,6.652429583977363,3
500,person,person501,24878.425238168205,5.894970992092864,3
501,person,person502,3027.411710030292,1.2273574000200487,3
502,person,person503,7411.650047429053,2.3914882335448744,3
503,person,person504,2790.2192238811613,1.1549748683286523,3
504,person,person505,10961.81684722496,3.2010909125046685,3
505,person,person506,35180.33518652978,7.631159461496891,3
506,person,person507,644.2628151722582,0.38753369301637663,3
507,person,person508,23814.31637814854,5.706076475729141,3
508,person,person509,1021.8554439813712,0.5464585120721585,3
509,person,person510,5155.1368955103435,1.8247232420481467,3
510,person,person511,28665.69888945301,6.551339587527834,3
511,person,person512,4422.862949203445,1.6278921605546965,3
512,person,person513,11755.007204886442,3.3721141402621977,3
513,person,person514,18639.25598531782,4.75400958020986,3
514,person,person515,2522.74102420387,1.0714357252920035,3
515,person,person516,207233.51447731114,28.60074090333841,3
516,person,person517,377.75252324003264,0.260358461079307,3
517,person,person518,27132.74318304467,6.288503243672208,3
518,person,person519,2506.28766739955,1.0662252245155386,3
519,person,person520,2833.4739675124015,1.1682881112129821,3
520,person,person521,10520.520517244524,3.104579913238827,3
521,person,person522,30478.62154805395,6.857599919376885,3
522,person,person523,5451.281289324371,1.902260792734796,3
523,person,person524,3895.3328216087625,1.480917912184924,3
524,person,person525,57714.76540628662,11.034704601417868,3
525,person,person526,19270.145842696013,4.873381622263356,3
526,person,person527,1186.9120471388771,0.6109495329740421,3
527,person,person528,6614.960224421774,2.1972188230559233,3
528,person,person529,94490.62535207171,15.93204117974574,3
529,person,person530,7390.59047607272,2.3864238113795193,3
530,person,person531,10409.479709826895,3.080134107120373,3
531,person,person532,8324.466983700366,2.6076442194279674,3
532,person,person533,14604.787540943655,3.9640334414022376,3
533,person,person534,10680.987071585922,3.139791023265186,3
534,person,person535,6682.7835100253305,2.2139809380446835,3
535,person,person536,6114.680820478515,2.0721835254467647,3
536,person,person537,95689.21472966057,16.082363504925084,3
537,person,person538,86409.21020240127,14.905383816034877,3
538,person,person539,34373.7357501321,7.500422643348197,3
539,person,person540,8257.346485728047,2.5919635595809636,3
540,person,person541,265777.0806722127,34.4256863756519,3
541,person,person542,5953.602370283361,2.031376609199025,3
542,person,person543,44211.06465312683,9.047318596004684,3
543,person,person544,4581.539558346632,1.6712076291038598,3
544,person,person545,3680.7618059578963,1.4197056725757589,3
545,person,person546,7484.754107501327,2.4090399735626127,3
546,person,person547,2045.6926490825022,0.9165264388289205,3
547,person,person548,20368.879551824357,5.078929247429475,3
548,person,person549,12527.829523860411,3.5359354886812433,3
549,person,person550,21826.808873887185,5.347367845828239,3
550,person,person551,5270.183671315786,1.8549766868082753,3
551,person,person552,29572.48561315876,6.705123232101959,3
552,person,person553,773.870524652156,0.4442395120663049,3
553,person,person554,5346.109572573608,1.874850380408373,3
554,person,person555,19101.521707634158,4.8415747686179,3
555,person,person556,2769.4171720241256,1.1485535557388595,3
556,person,person557,6119.569505597549,2.073417686351694,3
557,person,person558,4531.244285692084,1.6575200740267677,3
558,person,person559,4496.085136852462,1.6479287177884658,3
559,person,person560,63364.0136087894,11.829752662233988,3
560,person,person561,17406.0803484024,4.517647299633105,3
561,person,person562,33414.44807280762,7.343914076956293,3
562,person,person563,63427.341485619916,11.83855994918937,3
563,person,person564,9567.047342497242,2.892435756273982,3
564,person,person565,4138.600584522778,1.5492865441834667,3
565,person,person566,9598.051914969177,2.899416502775395,3
566,person,person567,105870.51806724946,17.34064908729857,3
567,person,person568,460864.85509547225,51.87819056516412,3
568,person,person569,33598.01932141238,7.3739515863896266,3
569,person,person570,5992.373948546374,2.0412242888198238,3
570,person,person571,2554.3786593668606,1.0814305623850682,3
571,person,person572,7091.3591358712465,2.314060291045512,3
572,person,person573,7001.045260239388,2.292067640522068,3
573,person,person574,18321.479688589112,4.693493298444234,3
574,person,person575,99555.78579258654,16.564063390711304,3
575,person,person576,6375.85932431915,2.1377725988905314,3
576,person,person577,3462.9732543616383,1.3566372104533584,3
577,person,person578,7422.902386065739,2.3941927004573884,3
578,person,person579,8181.918747798071,2.574303326786017,3
579,person,person580,12532.745043364584,3.5369690726138723,3
580,person,person581,13886.647002216136,3.817885630109907,3
581,person,person582,4577.810319260748,1.6701940589208522,3
582,person,person583,5032.973331343538,1.7924092003133338,3
583,person,person584,17891.59995952665,4.6112004271864055,3
584,person,person585,194.17062287880904,0.15857778409894546,3
585,person,person586,3572.8847983711903,1.3885885875131523,3
586,person,person587,2522.934344452425,1.0714968949573955,3
587,person,person588,50209.7766577228,9.946902090107516,3
588,person,person589,11250.410620310173,3.263669783010275,3
589,person,person590,11514.865172293108,3.320655716226773,3
590,person,person591,9266.63567019906,2.8244949937941333,3
591,person,person592,8359.092119153387,2.6157207152506343,3
592,person,person593,8346.804828917559,2.612855618081214,3
593,person,person594,18325.744341335838,4.69430720771124,3
594,person,person595,18562.9989781896,4.7395115955810425,3
595,person,person596,15149.46148023194,4.073658565868202,3
596,person,person597,7838.8240772484905,2.4934412052635353,3
597,person,person598,20807.480954978993,5.160186355767418,3
598,person,person599,4840.273452048319,1.7410269889444854,3
599,person,person600,87288.61108241223,15.018253708286972,3
600,person,person601,8561.407910449547,2.6627429083140512,3
601,person,person602,115838.09004959224,18.542919821412163,3
602,person,person603,50361.86501022162,9.969340781539687,3
603,person,person604,294793.4184301399,37.1885139111222,3
604,person,person605,78258.37244305093,13.844759365922439,3
605,person,person606,15829.129750066288,4.209055414113791,3
606,person,person607,3177.9320805740317,1.2725387129909052,3
607,person,person608,1850.4319833995808,0.85052365687117,3
608,person,person609,15669.078765562484,4.177307342393723,3
609,person,person610,8913.132975400182,2.7438230876521463,3
610,person,person611,5785.496620141483,1.9884879974615624,3
611,person,person612,5638.141718731307,1.9506315747778997,3
612,person,person613,11056.440095641938,3.2216548553614914,3
613,person,person614,20189.913334217017,5.045645391897058,3
614,person,person615,2733.483676665131,1.137432305512319,3
615,person,person616,45589.87056830268,9.25670748834603,3
616,person,person617,19509.03250447067,4.918320631271324,3
617,person,person618,18884.920526637765,4.800612931593571,3
618,person,person619,27041.923308088604,6.272814448857124,3
619,person,person620,13785.666453035914,3.7971824786751975,3
620,person,person621,89379.3274140002,15.2854383465228,3
621,person,person622,67269.34701969144,12.368791919858197,3
622,person,person623,7441.642965121486,2.398694625363868,3
623,person,person624,41367.14810255715,8.61007747256198,3
624,person,person625,2928.454949037584,1.1973418902832735,3
625,person,person626,308.5523671523751,0.22392378083079795,3
626,person,person627,10145.998674230377,3.021860257582027,3
627,person,person628,3304.4082082591462,1.3100819248396054,3
628,person,person629,123629.49075881676,19.464373514353696,3
629,person,person630,14655.534670428131,3.9742906915738945,3
630,person,person631,2523.1945057698513,1.0715792123358812,3
631,person,person632,2564.754142823183,1.0847014579813186,3
632,person,person633,28070.481569479616,6.449721526639867,3
633,person,person634,10052.106981689707,3.00100140773932,3
634,person,person635,11783.980227043758,3.3783043642937174,3
635,person,person636,7950.078339226934,2.5197591838176505,3
636,person,person637,584.7713871538019,0.3605464134881003,3
637,person,person638,65358.27060624218,12.106039504479135,3
638,person,person639,136373.7405716359,20.940394607100206,3
639,person,person640,15111.973705687615,4.066146078266281,3
640,person,person641,16182.885183347224,4.278938582538986,3
641,person,person642,4459.075948371208,1.6378119892316132,3
642,person,person643,6899.915434219711,2.267355107376406,3
643,person,person644,4579.110908995175,1.6705475702065562,3
644,person,person645,6287.85842626784,2.1157510736413925,3
645,person,person646,8435.918760003648,2.6336105542806116,3
646,person,person647,1301.1825204594825,0.6542540351452482,3
647,person,person648,16943.752299567463,4.427942472498953,3
648,person,person649,1437.1934416843935,0.7045539642449062,3
649,person,person650,392.80551994580026,0.26804942964065076,3
650,person,person651,11660.059719133815,3.35180082138291,3
651,person,person652,1040.1568257222382,0.5537335584900772,3
652,person,person653,3578.9785852793225,1.390352662389929,3
653,person,person654,10311.290973733221,3.0584622644455512,3
654,person,person655,4132.6308122025275,1.5476212711169186,3
655,person,person656,50281.60277247519,9.95750127122786,3
656,person,person657,126417.68014391445,19.79048894050253,3
657,person,person658,2657.0194339503323,1.113641923408252,3
658,person,person659,7785.307881953538,2.4807476899808725,3
659,person,person660,4026.1448385775657,1.5178127853326504,3
660,person,person661,20058.664699541067,5.021188155871159,3
661,person,person662,2045.1634982934327,0.9163498074199518,3
662,person,person663,1465.2531932405711,0.7147769749924046,3
663,person,person664,13615.178513014582,3.762140818762319,3
664,person,person665,13836.850221715977,3.8076810501905656,3
665,person,person666,69565.73575653083,12.682017632475647,3
666,person,person667,5716.911098570078,1.970898903484808,3
667,person,person668,4815.719336625804,1.7344426704909315,3
668,person,person669,1084.3533930187048,0.5711693710456325,3
669,person,person670,42130.84987777174,8.728226263612818,3
670,person,person671,4046.6811795829635,1.5235769917188247,3
671,person,person672,86290.60779557805,14.890138999140545,3
672,person,person673,10865.621604741831,3.180138887370739,3
673,person,person674,13057.262965015043,3.646675317302258,3
674,person,person675,4975.775150670695,1.7772108627425938,3
675,person,person676,50165.74101124508,9.940401959939656,3
676,person,person677,13932.416168367987,3.827256627009532,3
677,person,person678,5382.945685531861,1.8844663157866381,3
678,person,person679,122811.20859910901,19.368310034815387,3
679,person,person680,10168.800626769897,3.0269184672723557,3
680,person,person681,2920.676578485363,1.1949716901942815,3
681,person,person682,6507.068615457556,2.170463412469582,3
682,person,person683,23243.9998459374,5.60395376041905,3
683,person,person684,3623.822670688862,1.4033110183974131,3
684,person,person685,30740.40995120489,6.901435085025319,3
685,person,person686,1217.9701728729935,0.6228207716925607,3
686,person,person687,15734.222472069603,4.1902393255303405,3
687,person,person688,18093.522556000822,4.649916999832364,3
688,person,person689,1311.5370202131521,0.6581289975794792,3
689,person,person690,27257.970501055122,6.310113856849715,3
690,person,person691,23957.844246832963,5.731678379848865,3
691,person,person692,21396.552537105843,5.268636845279555,3
692,person,person693,9167.849581697028,2.8020315392778596,3
693,person,person694,1716.1536441603978,0.8041026953492479,3
694,person,person695,18434.140208621564,4.714978391388192,3
695,person,person696,2087.0021513780684,0.9302799626889903,3
696,person,person697,7150.530736991883,2.3284306436096927,3
697,person,person698,7354.724600063879,2.3777902777446003,3
698,person,person699,994.0586122441547,0.5353449457168185,3
699,person,person700,18703.966718468044,4.766300527701453,3
700,person,person701,10985.802026987376,3.2063077455708004,3
701,person,person702,5704.900211703295,1.967813130692653,3
702,person,person703,28731.574531131137,6.562552923898282,3
703,person,person704,11579.84224296428,3.3346059941924824,3
704,person,person705,13715.319150528645,3.7827369397244457,3
705,person,person706,126459.94833492309,19.7954185601051,3
706,person,person707,1421.0227145464244,0.6986393883513093,3
707,person,person708,5190.859477491832,1.8341353404927903,3
708,person,person709,25067.415772030923,5.928302035684371,3
709,person,person710,1221.307796073694,0.6240918775289132,3
710,person,person711,2395.591356632727,1.0309389833882308,3
711,person,person712,84349.91678894412,14.639922211688635,3
712,person,person713,28992.609179343173,6.606921927972921,3
713,person,person714,96438.11539100418,16.17604385744469,3
714,person,person715,27027.305974661736,6.270288104766874,3
715,person,person716,3225.4723279661357,1.2866944819770465,3
716,person,person717,611.1450301830818,0.37259279524570244,3
717,person,person718,5683.27696098968,1.9622536211870718,3
718,person,person719,100223.03418051702,16.64670280923533,3
719,person,person720,337.1258202473652,0.2391972205274398,3
720,person,person721,13185.62835736071,3.6733512749854946,3
721,person,person722,18777.654111445252,4.7802832784575315,3
722,person,person723,1710.0057788218546,0.8019556172345685,3
723,person,person724,11809.449315647385,3.383742751762593,3
724,person,person725,3271.259867835549,1.3002781458746522,3
725,person,person726,15148.217254717383,4.073409301253932,3
726,person,person727,51964.73057739453,10.204785341706861,3
727,person,person728,1649.665405581751,0.7807764467174805,3
728,person,person729,5167.801867069843,1.8280620747805552,3
729,person,person730,397.86404996606103,0.27061699435671577,3
730,person,person731,1889.8944478924388,0.8640007143354812,3
731,person,person732,7263.137338804921,2.3556947538855675,3
732,person,person733,2553.770819682559,1.0812388345633535,3
733,person,person734,3221.913189544156,1.2856365501920508,3
734,person,person735,1477.9881358483524,0.719400196259921,3
735,person,person736,33001.64553564624,7.276213521744531,3
736,person,person737,2954.558403247925,1.2052843529132358,3
737,person,person738,55330.37189647795,10.693242158475792,3
738,person,person739,717.7499315788364,0.42000896001583654,3
739,person,person740,367429.662485109,43.820269409167956,3
740,person,person741,51279.10399320264,10.104303784348883,3
741,person,person742,2001.2135701242162,0.9016382049039179,3
742,person,person743,2562.1053192945205,1.0838667313643717,3
743,person,person744,2148.98341437587,0.9507865524477781,3
744,person,person745,15035.120252175318,4.050729896888898,3
745,person,person746,4458.853222002235,1.6377510407166438,3
746,person,person747,74614.11739253925,13.361528273807906,3
747,person,person748,88698.74394328706,15.198639389987447,3
748,person,person749,12843.156443520877,3.602031881863585,3
749,person,person750,3922.427244724084,1.4885853754609364,3
750,person,person751,5438.248381176046,1.898871455106215,3
751,person,person752,47506.31472041473,9.545084322740502,3
752,person,person753,1578.3114591044055,0.7554746811924193,3
753,person,person754,3283.959807324932,1.304037192923653,3
754,person,person755,235985.1205384296,31.507570506629786,3
755,person,person756,9076.524275398544,2.7812096693854493,3
756,person,person757,181704.0832535069,25.932236926142874,3
757,person,person758,14556.649404857475,3.954295131436801,3
758,person,person759,1744.816824412167,0.8140872788791432,3
759,person,person760,7945.534922613797,2.518686253818846,3
760,person,person761,2557.7183079399983,1.0824837635355407,3
761,person,person762,2872.844086701944,1.1803607291998524,3
762,person,person763,7227.525018327074,2.347084092120228,3
763,person,person764,6997.2147168306865,2.291133257837614,3
764,person,person765,36619.55490200357,7.862554632177243,3
765,person,person766,21283.946077324334,5.247964999791853,3
766,person,person767,2333.6943478574253,1.011027514189132,3
767,person,person768,7107.836483030575,2.318065023298712,3
768,person,person769,3111.073197319625,1.2525387727481043,3
769,person,person770,79220.53862486388,13.971377659429086,3
770,person,person771,3897.523604317223,1.4815383869687428,3
771,person,person772,23526.999912198982,5.654707558363767,3
772,person,person773,8222.22078603735,2.5837445630117077,3
773,person,person774,12837.984162240205,3.600951070841456,3
774,person,person775,6025.362439417223,2.0495903224862784,3
775,person,person776,2802.6647866524613,1.158810807602141,3
776,person,person777,32326.740059672724,7.165060072011551,3
777,person,person778,18488.95665351325,4.725420128762409,3
778,person,person779,4330.428948274058,1.60247721074482,3
779,person,person780,2674.048019035315,1.1189549857488295,3
780,person,person781,6295.504766845977,2.1176676128208425,3
781,person,person782,19733.820692754805,4.960479482861744,3
782,person,person783,10189.861676818004,3.031587919857487,3
783,person,person784,563.9862158822777,0.35095480386754196,3
784,person,person785,3047.5878040988314,1.2334462892801803,3
785,person,person786,142936.97477147978,21.686708007413937,3
786,person,person787,9742.024989850657,2.9317574098549897,3
787,person,person788,62694.94768490455,11.736565029594836,3
788,person,person789,4281.855017326711,1.5890663305711448,3
789,person,person790,8695.780727301892,2.6938171693577844,3
790,person,person791,25694.531143535318,6.038447023686841,3
791,person,person792,90843.31445861465,15.47158101155083,3
792,person,person793,4291.764410777468,1.591805372361692,3
793,person,person794,11562.533227139545,3.330891782842784,3
794,person,person795,2950.4928535694185,1.2040485136598933,3
795,person,person796,5131.714386734633,1.8185429111023184,3
796,person,person797,23040.417891575373,5.567345511441994,3
797,person,person798,26059.248252654143,6.1021894026956325,3
798,person,person799,14320.710764545714,3.9064454669599544,3
799,person,person800,2257.2482467553336,0.9862487845635889,3
800,person,person801,5822.651737995054,1.9979943901943609,3
801,person,person802,122947.51590554666,19.38432333998537,3
802,person,person803,311098.52132343844,38.71039280916462,3
803,person,person804,11802.689509062957,3.3822996292216376,3
804,person,person805,13411.978416249467,3.720229057629032,3
805,person,person806,90855.8789933214,15.473175238060405,3
806,person,person807,31714.633345038765,7.063736588282641,3
807,person,person808,4571.018543919757,1.6683475806975752,3
808,person,person809,7780.487012465131,2.479603136686428,3
809,person,person810,26753.431253748855,6.222889089821592,3
810,person,person811,4680.281668808906,1.697968894681905,3
811,person,person812,2871.4376059992883,1.1799301697417863,3
812,person,person813,18857.543639123825,4.795427135264427,3
813,person,person814,40899.14554105376,8.537400273671633,3
814,person,person815,8053.636068626356,2.5441722195807075,3
815,person,person816,3046.8399275467345,1.2332207734303327,3
816,person,person817,2739.9296736500223,1.1394300422894243,3
817,person,person818,106.15268960240168,0.1011249322385392,3
818,person,person819,2852.2985355676697,1.1740658555514194,3
819,person,person820,9528.642375720625,2.8837807911812368,3
820,person,person821,29985.91839347472,6.774837736523285,3
821,person,person822,12416.985078864654,3.5126007248810236,3
822,person,person823,2453.2179072958415,1.0493590728448878,3
823,person,person824,4711.48960300407,1.706396884284645,3
824,person,person825,1126.4267686152339,0.5875999039824901,3
825,person,person826,6776.471807268315,2.2370642963287484,3
826,person,person827,26204.142269924763,6.127449589308267,3
827,person,person828,29494.24319679365,6.69190183446804,3
828,person,person829,31669.95800016008,7.056321944395652,3
829,person,person830,4821.442826560667,1.735978218776157,3
830,person,person831,4019.183259794993,1.515857086851366,3
831,person,person832,7403.915602335233,2.3896286750097007,3
832,person,person833,3016.465004943968,1.224049495351233,3
833,person,person834,4534.469578822069,1.6583989764486669,3
834,person,person835,23914.650491820543,5.7239777814930335,3
835,person,person836,8322.715895628095,2.607235541588616,3
836,person,person837,27275.63324042527,6.313159895566004,3
837,person,person838,55159.586777471704,10.668642080936069,3
838,person,person839,81447.40654706277,14.262935259831501,3
839,person,person840,4458.685876485449,1.6377052465229116,3
840,person,person841,1801.6419006558913,0.833759254044835,3
841,person,person842,14477.561754727278,3.9382779063897075,3
842,person,person843,20629.315148196518,5.1272318104403185,3
843,person,person844,8333.085439598412,2.6096553191816985,3
844,person,person845,4218.899450558952,1.5716269082346195,3
845,person,person846,17864.592124210278,4.606013528443897,3
846,person,person847,2792.9810991823333,1.1558265024184384,3
847,person,person848,6483.211547960935,2.1645320160326724,3
848,person,person849,4473.633798825813,1.6417940274693756,3
849,person,person850,9832.545412881798,2.952028735081186,3
850,person,person851,3421.3550642677533,1.3444715528077313,3
851,person,person852,3717.905730026813,1.4303657703922104,3
852,person,person853,2565.4692378022796,1.0849267689454978,3
853,person,person854,16726.58705352004,4.385591329670778,3
854,person,person855,1329.6419876130024,0.6648857369534122,3
855,person,person856,2336.4076100372317,1.0119031347772076,3
856,person,person857,19573.81452453216,4.930483093435119,3
857,person,person858,2469.4091381657586,1.054514597125306,3
858,person,person859,22461.366085538535,5.462765458061286,3
859,person,person860,99430.51580216974,16.54853284656884,3
860,person,person861,1673.1554130827146,0.789044420650783,3
861,person,person862,12362.776727970651,3.501169560672633,3
862,person,person863,1225.8551945734225,0.6258222917721739,3
863,person,person864,9480.702417978098,2.872964522324254,3
864,person,person865,4998.134534241274,1.7831573320374234,3
865,person,person866,2615.8660469884057,1.1007657064211178,3
866,person,person867,123.189533522042,0.11298443236192837,3
867,person,person868,123589.00898016807,19.459624914042234,3
868,person,person869,36369.23726693654,7.822478019795454,3
869,person,person870,9228.898642120967,2.8159210275791966,3
870,person,person871,41874.26104317249,8.6885919798361,3
871,person,person872,2302.0529189671024,1.0007969643655774,3
872,person,person873,8064.318687498941,2.5466860060370857,3
873,person,person874,39347.48149916338,8.29490232249249,3
874,person,person875,93301.04206882387,15.782366865144002,3
875,person,person876,3584.452244163314,1.3919365651600295,3
876,person,person877,21494.3324001399,5.286564390200174,3
877,person,person878,15548.020283322476,4.153238972157143,3
878,person,person879,7018.477165248097,2.296318152126714,3
879,person,person880,23726.299834348418,5.690356993620609,3
880,person,person881,7230.711549388543,2.3478549997512244,3
881,person,person882,19682.195002730594,4.950808004143733,3
882,person,person883,2987.7417794962103,1.2153552387894677,3
883,person,person884,96430.43948099966,16.175084617110773,3
884,person,person885,23022.72062556379,5.56415928901418,3
885,person,person886,11651.987913296707,3.3500719765253226,3
886,person,person887,27528.104624449978,6.356645231740893,3
887,person,person888,465430.49982077087,52.260606781085116,3
888,person,person889,6520.830528556048,2.1738824072141867,3
889,person,person890,3873.346850090693,1.4746860942269908,3
890,person,person891,10708.91269525009,3.1459049067631213,3
891,person,person892,8110.275058628178,2.557490591469728,3
892,person,person893,20597.49652430551,5.121338836364402,3
893,person,person894,823.753577811012,0.465402715110824,3
894,person,person895,1530.480917635528,0.7383509546045135,3
895,person,person896,8266.11815456572,2.594014633750961,3
896,person,person897,2094.4719944551157,0.9327595184305887,3
897,person,person898,1685.5654877628153,0.7934005374891333,3
898,person,person899,55239.83549421072,10.680203610048197,3
899,person,person900,3926.932183870032,1.4898589189062812,3
900,person,person901,874.9709316722407,0.4867946102157675,3
901,person,person902,6779.2337713147035,2.2377435622667274,3
902,person,person903,7899.018900018891,2.507692452855812,3
903,person,person904,944.012074843348,0.5151331941951054,3
904,person,person905,1746.923591109888,0.8148194967048871,3
905,person,person906,9437.156562778131,2.8631275636775597,3
906,person,person907,3780.1443666888235,1.4481672844437388,3
907,person,person908,2099.7005679094545,0.9344937608267941,3
908,person,person909,92514.85991292844,15.683181792513246,3
909,person,person910,5090.637637539148,1.8076868783623514,3
910,person,person911,10484.109594950289,3.096571274484363,3
911,person,person912,36538.52741011014,7.8495895531777515,3
912,person,person913,4761.269678806324,1.719811063321995,3
913,person,person914,6378.912570290216,2.138535252995375,3
914,person,person915,1005.5691474836278,0.5399565101285078,3
915,person,person916,44007.35166367483,9.016242051722076,3
916,person,person917,6580.770010469835,2.188752318595991,3
917,person,person918,35447.47426898741,7.674289339826282,3
918,person,person919,42284.07638570518,8.751865210293195,3
919,person,person920,4550.277830068158,1.6627044717617434,3
920,person,person921,9967.3208316818,2.9821227126726333,3
921,person,person922,24276.88195634348,5.788447451346438,3
922,person,person923,196573.09522600667,27.497265293984587,3
923,person,person924,7478.9497719775745,2.4076479984315093,3
924,person,person925,26678.091064753167,6.209828436514684,3
925,person,person926,159976.81854933518,23.584926979368948,3
926,person,person927,6582.142561598719,2.1890924184453415,3
927,person,person928,7087.9223928728,2.3132247098971126,3
928,person,person929,32344.796721364568,7.168041566527824,3
929,person,person930,1928.5658724107739,0.8771381759560273,3
930,person,person931,86614.95821490971,14.931817433573482,3
931,person,person932,6472.8907521864,2.1619643132860005,3
932,person,person933,4155.827589825878,1.5540886026299257,3
933,person,person934,41778.76583195197,8.673825405392291,3
934,person,person935,7131.934491630636,2.323917657760283,3
935,person,person936,20793.022362996788,5.157514703601314,3
936,person,person937,12234.268281182556,3.4740191746049125,3
937,person,person938,4533.276629560522,1.6580739126410742,3
938,person,person939,44911.72182251612,9.153927003021943,3
939,person,person940,229215.52833971128,30.831694447908927,3
940,person,person941,2315.6891204445433,1.005210293855027,3
941,person,person942,15674.213870709147,4.178327233283675,3
942,person,person943,2382.2802283365786,1.0266681473196924,3
943,person,person944,63569.87563953383,11.858374605199257,3
944,person,person945,3273.2696506577954,1.300873267713658,3
945,person,person946,6684.911528740939,2.21450616118094,3
946,person,person947,26877.78168879595,6.244425459736591,3
947,person,person948,3497.568133564103,1.3667214878931484,3
948,person,person949,34668.52971260952,7.548293779331179,3
949,person,person950,64893.45528771997,12.041837841643682,3
950,person,person951,580.2715066564749,0.35847735473942655,3
951,person,person952,4464.790582170906,1.6393755191857315,3
952,person,person953,1940.0440601860244,0.8810245766420094,3
953,person,person954,8581.596344642598,2.6674194604569847,3
954,person,person955,55437.89965513036,10.708720642711814,3
955,person,person956,10402.930884956026,3.078690302692214,3
956,person,person957,11201.740031430036,3.2531449822785192,3
957,person,person958,3157.0483825922834,1.2663032595212522,3
958,person,person959,28326.794847585406,6.493547121433512,3
959,person,person960,18263.407436194688,4.682405391586579,3
960,person,person961,22354.47413959207,5.443385409674024,3
961,person,person962,9916.3296407499,2.9707491756884155,3
962,person,person963,4976.699448447692,1.7774568141916665,3
963,person,person964,3706.767089182947,1.4271719055066499,3
964,person,person965,22834.735189394207,5.5302756483483275,3
965,person,person966,6257.283692586785,2.1080816321656743,3
966,person,person967,46659.65199696103,9.418055732271883,3
967,person,person968,3571.71180476953,1.3882489325615786,3
968,person,person969,22156.16532239023,5.407368294534585,3
969,person,person970,37014.02071558084,7.925568390139954,3
970,person,person971,2024.620245426946,0.9094833905110469,3
971,person,person972,1854.8527116949997,0.8520370246440226,3
972,person,person973,16248.181758652083,4.291794911267861,3
973,person,person974,56857.09624591477,10.912302103843293,3
974,person,person975,5820.757882331179,1.9975102090343209,3
975,person,person976,30120.706956580216,6.7975131727664175,3
976,person,person977,9244.469765942355,2.8194599149499684,3
977,person,person978,8609.090004347767,2.673783723917685,3
978,person,person979,20826.993796530132,5.163791179571312,3
979,person,person980,1336.4220802674663,0.6674100060660748,3
980,person,person981,3979.949697678589,1.5048190943411708,3
981,person,person982,5714.288033180938,1.9702251407549587,3
982,person,person983,20002.11971132992,5.010638837954064,3
983,person,person984,10229.052063318224,3.040270290470302,3
984,person,person985,9767.058945824958,2.9373683505400425,3
985,person,person986,9668.547173610414,2.9152673092394554,3
986,person,person987,153742.33302564462,22.896693430326923,3
987,person,person988,6845.51804005679,2.254024155770699,3
988,person,person989,16282.191051223142,4.298485826605321,3
989,person,person990,4818.94949400607,1.7353093427271074,3
990,person,person991,68660.9010687225,12.558918422430281,3
991,person,person992,27219.381598917804,6.303457232129767,3
992,person,person993,21087.34066301576,5.2118059564828405,3
993,person,person994,6812.1101255448075,2.2458236273377903,3
994,person,person995,5092.73483229154,1.8082416784570967,3
995,person,person996,18926.882131759845,4.808557681727348,3
996,person,person997,248411.2926313708,32.73550360272821,3
997,person,person998,1935.2937580193413,0.8794168844452417,3
998,person,person999,33197.84207953769,7.3084169620587485,3
999,person,person1000,2602.5576250780264,1.096590694725055,3
